[
	{
		"id":"G001",
		"src_pic1":"../img/55.jpg",
		"src_pic2":"../img/56.jpg",
		"src_pic3":"../img/57.jpg",
		"src_pic4":"../img/58.jpg",
		"src_pic5":"../img/59.jpg",
		"src_det1":"../img/detail_intr1.jpg",
		"src_det2":"../img/detail_intr2.jpg",
		"src_det3":"../img/detail_intr3.jpg",
		"src_det4":"../img/detail_intr4.jpg",
		"price":"￥120",	
		"title":"斯文印花黑灰色短袖连衣裙",
		"brand":"品牌名称：",
	    "brand_con":"LETDIOSTO",
		"name":"商品名称：",
		"name_con":"女款黑白色条纹上衣阔腿裤套装",
		"place":"产地:",
		"place_con":"中国",
		"material":"材质:",
		"material_con":"粘纤77聚酯纤维18.5%氨纶4.5%裤子聚酯纤维100%（装饰物除外）",
		"introduce":"洗涤说明:",
		"introduce_con":"最高洗涤温度40℃不可漂白;平摊晾干;熨斗地板最高温度110℃常规干洗（深色或者深色与浅色相拼的衣服洗涤时请注意）",		
		"button":"立即抢",
		"category":"cosmetics",
		"imgurl":"../img/goodlist/biaoqian_JZ.jpg",
		"imgurl2":"../img/goodlist/goodlist_JZ.jpg",
		"url":"#",	
		"off":0.2,
		"star":4,
		"commentCount":10002
	}
]










































